"","ID","Description","GeneRatio","BgRatio","pvalue","p.adjust","qvalue","geneID","Count","ClusterSize"
"1","03050 Proteasome","03050 Proteasome","16/596","38/4470",1.05921090107688e-05,0.00262684303467066,0.00255325575101689,"NVE190/NVE461/NVE1940/NVE3751/NVE4427/NVE5600/NVE5765/NVE9987/NVE10183/NVE10642/NVE15913/NVE18329/NVE18355/NVE19830/NVE21267/NVE22428",16,38
