"","ID","Description","GeneRatio","BgRatio","pvalue","p.adjust","qvalue","geneID","Count","ClusterSize"
"1","03030 DNA replication","03030 DNA replication","30/1805","39/4470",3.47758009940717e-06,0.00088330534524942,0.00084194044511963,"NVE514/NVE635/NVE742/NVE1910/NVE2271/NVE2869/NVE3145/NVE3422/NVE4002/NVE4003/NVE4158/NVE5745/NVE5872/NVE8552/NVE9586/NVE9736/NVE10318/NVE10574/NVE10890/NVE13474/NVE16423/NVE19068/NVE20479/NVE21410/NVE22377/NVE22976/NVE23283/NVE23671/NVE24196/NVE26120",30,39
