"","ID","Description","GeneRatio","BgRatio","pvalue","p.adjust","qvalue","geneID","Count","ClusterSize"
"1","04151 PI3K-Akt signaling pathway","04151 PI3K-Akt signaling pathway","10/84","152/4470",0.000487759686409902,0.0338992982054882,0.0274685718136103,"NVE4423/NVE5446/NVE10626/NVE10657/NVE11362/NVE13177/NVE16898/NVE21503/NVE23339/NVE25257",10,152
"2","04662 B cell receptor signaling pat","04662 B cell receptor signaling pat","5/84","35/4470",0.000433263550626502,0.0338992982054882,0.0274685718136103,"NVE11928/NVE16898/NVE21503/NVE23339/NVE25257",5,35
